이름,연도,타율,출루,장타,OPS,경기당득점,경기당안타,경기당2루타,경기당3루타,경기당홈런,경기당루타,경기당타점,경기당도루,경기당볼넷,경기당삼진,경기당병살,경기당희생타
삼성,1997,0.277,0.356,0.462,0.819,5.73015873015873,9.476190476190476,2.015873015873016,0.19047619047619047,1.3095238095238095,15.801587301587302,5.309523809523809,1.0873015873015872,3.619047619047619,6.380952380952381,0.5317460317460317,0.6984126984126984
삼성,1993,0.268,0.344,0.408,0.752,4.865079365079365,9.277777777777779,1.3412698412698412,0.1746031746031746,1.0555555555555556,14.134920634920634,4.698412698412699,0.8095238095238095,3.6904761904761907,5.253968253968254,0.8333333333333334,0.42063492063492064
LG,1994,0.282,0.358,0.409,0.767,5.198412698412699,9.555555555555555,1.626984126984127,0.2857142857142857,0.6984126984126984,13.84920634920635,4.857142857142857,1.1349206349206349,3.611111111111111,4.5476190476190474,0.6587301587301587,0.42857142857142855
현대,2000,0.278,0.365,0.483,0.849,5.842105263157895,9.360902255639099,1.849624060150376,0.18796992481203006,1.5639097744360901,16.278195488721803,5.533834586466165,0.7819548872180451,4.120300751879699,6.804511278195489,0.6541353383458647,0.556390977443609
삼성,2002,0.284,0.36,0.472,0.831,5.842105263157895,9.93233082706767,2.0,0.12030075187969924,1.4360902255639099,16.481203007518797,5.496240601503759,0.3533834586466165,3.526315789473684,6.045112781954887,0.8721804511278195,0.41353383458646614
삼성,1987,0.3,0.368,0.444,0.812,5.398148148148148,10.37037037037037,1.5185185185185186,0.26851851851851855,0.9722222222222222,15.342592592592593,5.074074074074074,0.9351851851851852,3.5185185185185186,4.148148148148148,0.8148148148148148,0.24074074074074073
두산,2018,0.309,0.376,0.486,0.862,6.555555555555555,11.118055555555555,1.9722222222222223,0.20833333333333334,1.3263888888888888,17.48611111111111,6.236111111111111,0.6666666666666666,3.4444444444444446,7.055555555555555,0.7777777777777778,0.2986111111111111
현대,2003,0.286,0.374,0.456,0.829,5.43609022556391,9.62406015037594,1.5639097744360901,0.11278195488721804,1.3157894736842106,15.360902255639099,5.06015037593985,0.5639097744360902,4.082706766917293,5.466165413533835,0.7518796992481203,1.0451127819548873
삼성,2003,0.284,0.36,0.482,0.842,5.7819548872180455,9.736842105263158,1.7744360902255638,0.10526315789473684,1.6015037593984962,16.526315789473685,5.593984962406015,0.42105263157894735,3.6165413533834587,4.969924812030075,0.9849624060150376,0.5488721804511278
빙그레,1991,0.274,0.353,0.434,0.787,5.111111111111111,9.166666666666666,1.4365079365079365,0.3412698412698413,1.0793650793650793,14.523809523809524,4.817460317460317,0.9603174603174603,3.8492063492063493,5.587301587301587,0.7301587301587301,0.6666666666666666
두산,2017,0.294,0.369,0.459,0.828,5.895833333333333,10.409722222222221,1.875,0.1388888888888889,1.2361111111111112,16.270833333333332,5.638888888888889,0.4791666666666667,3.7569444444444446,6.666666666666667,0.8333333333333334,0.3333333333333333
두산,2016,0.298,0.378,0.473,0.851,6.493055555555555,10.444444444444445,1.9722222222222223,0.1736111111111111,1.2708333333333333,16.57638888888889,6.090277777777778,0.5902777777777778,4.166666666666667,6.138888888888889,0.8402777777777778,0.2986111111111111
두산,2013,0.289,0.37,0.42,0.79,5.4609375,9.9296875,1.6953125,0.2890625,0.7421875,14.4296875,5.109375,1.34375,4.09375,5.6015625,0.8203125,0.640625
롯데,2011,0.288,0.358,0.422,0.781,5.360902255639098,9.954887218045112,1.699248120300752,0.22556390977443608,0.8345864661654135,14.609022556390977,5.007518796992481,0.8421052631578947,3.5037593984962405,6.285714285714286,0.9323308270676691,0.45864661654135336
삼성,2012,0.272,0.353,0.389,0.742,4.7218045112781954,9.06015037593985,1.5037593984962405,0.19548872180451127,0.6691729323308271,12.962406015037594,4.398496240601504,0.9398496240601504,3.7593984962406015,6.112781954887218,0.6842105263157895,0.6842105263157895
삼성,2015,0.302,0.378,0.469,0.847,6.229166666666667,10.520833333333334,1.7986111111111112,0.1736111111111111,1.2222222222222223,16.333333333333332,5.902777777777778,1.0902777777777777,4.034722222222222,6.458333333333333,0.7569444444444444,0.5277777777777778
넥센,2014,0.298,0.382,0.509,0.891,6.5703125,10.3359375,2.1484375,0.2421875,1.5546875,17.6328125,6.140625,0.78125,4.0859375,6.6328125,0.78125,0.5078125
NC,2020,0.291,0.366,0.462,0.828,6.166666666666667,10.29861111111111,1.7916666666666667,0.19444444444444445,1.2986111111111112,16.375,5.868055555555555,0.7013888888888888,3.673611111111111,6.923611111111111,0.7361111111111112,0.3194444444444444
두산,2010,0.281,0.365,0.44,0.805,5.496240601503759,9.593984962406015,1.6842105263157894,0.18796992481203006,1.1203007518796992,15.015037593984962,5.30827067669173,0.9624060150375939,4.007518796992481,6.2706766917293235,0.7293233082706767,0.40601503759398494
빙그레,1990,0.27,0.355,0.411,0.766,5.083333333333333,8.95,1.45,0.2,0.9333333333333333,13.6,4.666666666666667,1.15,4.125,5.141666666666667,0.6916666666666667,0.5833333333333334
롯데,2010,0.288,0.352,0.461,0.813,5.81203007518797,10.112781954887218,1.6541353383458646,0.12030075187969924,1.3909774436090225,16.18045112781955,5.556390977443609,0.9323308270676691,3.1578947368421053,6.56390977443609,0.7894736842105263,0.45112781954887216
해태,1992,0.272,0.365,0.425,0.789,5.563492063492063,9.03968253968254,1.5158730158730158,0.12698412698412698,1.0952380952380953,14.095238095238095,5.222222222222222,1.0634920634920635,4.436507936507937,5.2063492063492065,0.9047619047619048,0.42857142857142855
키움,2019,0.282,0.354,0.414,0.768,5.416666666666667,9.756944444444445,1.75,0.2569444444444444,0.7777777777777778,14.354166666666666,5.145833333333333,0.7638888888888888,3.5694444444444446,6.548611111111111,0.8472222222222222,0.25
빙그레,1989,0.276,0.346,0.411,0.757,4.958333333333333,9.341666666666667,1.7333333333333334,0.21666666666666667,0.8083333333333333,13.933333333333334,4.575,1.0166666666666666,3.433333333333333,4.533333333333333,0.6166666666666667,0.5333333333333333
두산,2000,0.289,0.359,0.441,0.8,5.2180451127819545,9.962406015037594,1.5413533834586466,0.15789473684210525,1.1278195488721805,15.203007518796992,4.969924812030075,0.8646616541353384,3.5714285714285716,5.142857142857143,0.9022556390977443,0.3233082706766917
현대,2004,0.275,0.37,0.413,0.783,5.203007518796992,9.270676691729323,1.4285714285714286,0.09774436090225563,1.0075187969924813,13.917293233082706,4.909774436090226,0.7518796992481203,4.56390977443609,6.548872180451128,0.8195488721804511,0.8345864661654135
해태,1991,0.259,0.35,0.418,0.768,4.904761904761905,8.484126984126984,1.3571428571428572,0.23015873015873015,1.1428571428571428,13.73015873015873,4.714285714285714,1.2063492063492063,4.095238095238095,4.666666666666667,0.8095238095238095,0.5873015873015873
넥센,2015,0.298,0.372,0.486,0.858,6.277777777777778,10.5,2.111111111111111,0.1388888888888889,1.4097222222222223,17.118055555555557,5.9375,0.6944444444444444,3.7777777777777777,7.625,0.7777777777777778,0.4236111111111111
두산,2015,0.29,0.37,0.435,0.804,5.604166666666667,9.972222222222221,1.7638888888888888,0.1527777777777778,0.9722222222222222,14.958333333333334,5.347222222222222,0.7708333333333334,3.9375,5.694444444444445,0.9652777777777778,0.5208333333333334
두산,2020,0.293,0.365,0.427,0.792,5.666666666666667,10.25,1.8263888888888888,0.1388888888888889,0.8680555555555556,14.958333333333334,5.388888888888889,0.6111111111111112,3.8333333333333335,5.527777777777778,0.9166666666666666,0.2638888888888889
KIA,2017,0.302,0.37,0.469,0.84,6.291666666666667,10.791666666666666,2.0277777777777777,0.2013888888888889,1.1805555555555556,16.76388888888889,6.027777777777778,0.5277777777777778,3.4652777777777777,6.1875,0.8194444444444444,0.3819444444444444
LG,2022,0.269,0.346,0.396,0.742,4.965277777777778,9.20138888888889,1.4444444444444444,0.22916666666666666,0.8194444444444444,13.5625,4.680555555555555,0.7083333333333334,3.4791666666666665,6.416666666666667,0.7569444444444444,0.3402777777777778
현대,1998,0.27,0.344,0.434,0.778,5.023809523809524,8.912698412698413,1.7142857142857142,0.16666666666666666,1.126984126984127,14.341269841269842,4.658730158730159,1.0634920634920635,3.2777777777777777,6.507936507936508,0.5476190476190477,0.7222222222222222
삼성,1986,0.276,0.345,0.398,0.744,4.398148148148148,9.231481481481481,1.6388888888888888,0.2037037037037037,0.6851851851851852,13.333333333333334,4.092592592592593,1.0185185185185186,3.2777777777777777,4.305555555555555,0.7037037037037037,0.6296296296296297
롯데,1992,0.288,0.366,0.417,0.782,5.261904761904762,9.626984126984127,1.6746031746031746,0.49206349206349204,0.5396825396825397,13.904761904761905,4.912698412698413,1.0317460317460319,3.8333333333333335,4.301587301587301,0.7142857142857143,0.8174603174603174
NC,2015,0.289,0.367,0.455,0.822,5.861111111111111,9.979166666666666,1.9652777777777777,0.19444444444444445,1.1180555555555556,15.6875,5.569444444444445,1.4166666666666667,3.7222222222222223,7.104166666666667,0.7291666666666666,0.4444444444444444
SK,2008,0.282,0.361,0.404,0.765,5.015873015873016,9.698412698412698,1.7063492063492063,0.18253968253968253,0.7063492063492064,13.88888888888889,4.690476190476191,1.3492063492063493,3.8968253968253967,5.833333333333333,0.7857142857142857,0.6349206349206349
해태,1993,0.251,0.33,0.368,0.698,4.071428571428571,8.174603174603174,1.3412698412698412,0.09523809523809523,0.753968253968254,11.968253968253968,3.6904761904761907,1.2777777777777777,3.5873015873015874,4.809523809523809,0.8492063492063492,0.5634920634920635
삼성,1985,0.276,0.355,0.417,0.772,5.0181818181818185,9.136363636363637,1.6454545454545455,0.2,0.8818181818181818,13.827272727272728,4.672727272727273,1.0545454545454545,3.709090909090909,4.2272727272727275,0.6727272727272727,0.8454545454545455
롯데,1996,0.274,0.34,0.393,0.733,4.492063492063492,9.214285714285714,1.6984126984126984,0.30158730158730157,0.5714285714285714,13.23015873015873,4.309523809523809,1.1031746031746033,3.1587301587301586,5.492063492063492,0.746031746031746,0.6507936507936508
삼성,2014,0.301,0.377,0.473,0.85,6.34375,10.5078125,1.859375,0.1796875,1.2578125,16.5,5.9609375,1.2578125,3.9609375,5.8046875,0.6875,0.59375
삼성,2013,0.283,0.359,0.416,0.776,5.2265625,9.6484375,1.65625,0.1328125,0.8828125,14.21875,4.875,0.7421875,3.5390625,6.390625,0.765625,0.65625
OB,1995,0.266,0.326,0.399,0.725,4.992063492063492,9.158730158730158,1.6111111111111112,0.2222222222222222,0.8412698412698413,13.738095238095237,4.642857142857143,0.9603174603174603,2.8333333333333335,5.880952380952381,0.7857142857142857,0.49206349206349204
롯데,2008,0.282,0.357,0.405,0.761,4.9523809523809526,9.523809523809524,1.5793650793650793,0.1746031746031746,0.7380952380952381,13.666666666666666,4.682539682539683,1.0555555555555556,3.5317460317460316,5.777777777777778,0.7698412698412699,0.49206349206349204
삼성,1991,0.272,0.357,0.405,0.761,5.071428571428571,9.031746031746032,1.4285714285714286,0.1984126984126984,0.8571428571428571,13.428571428571429,4.7063492063492065,1.0,4.0476190476190474,4.333333333333333,0.8412698412698413,0.6746031746031746
빙그레,1992,0.267,0.351,0.431,0.782,5.222222222222222,8.88888888888889,1.5158730158730158,0.23015873015873015,1.1587301587301588,14.341269841269842,4.920634920634921,0.8253968253968254,4.055555555555555,5.238095238095238,0.7619047619047619,0.42857142857142855
SK,2009,0.285,0.369,0.453,0.822,5.503759398496241,9.796992481203008,1.7669172932330828,0.12781954887218044,1.2481203007518797,15.563909774436091,5.2105263157894735,1.3609022556390977,4.150375939849624,6.706766917293233,0.7744360902255639,0.9624060150375939
한화,1999,0.283,0.353,0.484,0.838,5.537878787878788,9.606060606060606,1.9166666666666667,0.2196969696969697,1.4924242424242424,16.439393939393938,5.204545454545454,0.9696969696969697,3.272727272727273,6.416666666666667,0.8106060606060606,0.44696969696969696
KIA,2011,0.269,0.357,0.395,0.752,4.714285714285714,8.849624060150376,1.5338345864661653,0.11278195488721804,0.7969924812030075,13.0,4.488721804511278,0.849624060150376,4.165413533834586,5.879699248120301,0.8270676691729323,0.8195488721804511
해태,1999,0.278,0.362,0.467,0.829,5.795454545454546,9.575757575757576,1.5606060606060606,0.09090909090909091,1.5909090909090908,16.09090909090909,5.4772727272727275,0.7424242424242424,4.204545454545454,6.598484848484849,0.7954545454545454,0.5151515151515151
NC,2016,0.291,0.375,0.45,0.824,5.951388888888889,10.118055555555555,1.7291666666666667,0.13194444444444445,1.1736111111111112,15.631944444444445,5.611111111111111,0.6875,4.229166666666667,7.104166666666667,0.9236111111111112,0.4861111111111111
KIA,2004,0.267,0.354,0.419,0.773,4.834586466165414,8.887218045112782,1.6842105263157894,0.06766917293233082,1.0751879699248121,13.93233082706767,4.586466165413534,0.9548872180451128,4.12781954887218,5.2105263157894735,0.8872180451127819,0.6165413533834586
삼성,2010,0.272,0.368,0.406,0.774,5.120300751879699,9.075187969924812,1.593984962406015,0.10526315789473684,0.8872180451127819,13.541353383458647,4.7368421052631575,1.1879699248120301,4.669172932330827,6.887218045112782,0.8345864661654135,0.8345864661654135
삼성,1989,0.272,0.341,0.397,0.737,4.833333333333333,9.125,1.45,0.16666666666666666,0.8,13.308333333333334,4.5,1.3333333333333333,3.308333333333333,5.133333333333334,0.65,0.4666666666666667
넥센,2013,0.272,0.358,0.413,0.771,5.046875,9.1171875,1.6328125,0.0859375,0.9765625,13.8515625,4.7421875,1.0234375,3.9453125,7.125,0.734375,0.59375
한화,2005,0.27,0.341,0.434,0.775,4.936507936507937,9.23015873015873,1.6746031746031746,0.07142857142857142,1.2619047619047619,14.833333333333334,4.714285714285714,0.49206349206349204,3.1746031746031744,6.5396825396825395,0.9603174603174603,0.24603174603174602
SSG,2021,0.261,0.354,0.421,0.775,5.243055555555555,8.875,1.4236111111111112,0.09027777777777778,1.2847222222222223,14.333333333333334,4.944444444444445,0.6944444444444444,4.416666666666667,7.333333333333333,0.7361111111111112,0.3819444444444444
삼성,1998,0.268,0.346,0.428,0.773,4.920634920634921,9.071428571428571,1.6746031746031746,0.15873015873015872,1.1349206349206349,14.468253968253968,4.571428571428571,0.9285714285714286,3.5396825396825395,6.523809523809524,0.8174603174603174,0.7142857142857143
KIA,2002,0.269,0.344,0.402,0.746,4.834586466165414,9.24812030075188,1.6541353383458646,0.10526315789473684,0.9022556390977443,13.819548872180452,4.593984962406015,1.1654135338345866,3.4135338345864663,6.87218045112782,0.8045112781954887,0.3383458646616541
롯데,1999,0.291,0.363,0.461,0.824,5.704545454545454,9.916666666666666,1.9772727272727273,0.25757575757575757,1.0984848484848484,15.704545454545455,5.371212121212121,0.7424242424242424,3.522727272727273,6.174242424242424,0.7045454545454546,0.75
두산,2011,0.271,0.354,0.388,0.742,4.616541353383458,9.180451127819548,1.4736842105263157,0.20300751879699247,0.6917293233082706,13.135338345864662,4.345864661654136,0.9774436090225563,3.857142857142857,6.007518796992481,0.8872180451127819,0.5488721804511278
두산,2019,0.278,0.355,0.389,0.745,5.111111111111111,9.472222222222221,1.6319444444444444,0.2152777777777778,0.5833333333333334,13.284722222222221,4.805555555555555,0.7083333333333334,3.9027777777777777,5.548611111111111,0.8125,0.2708333333333333
삼성,2001,0.277,0.36,0.447,0.807,5.556390977443609,9.488721804511279,1.8345864661654134,0.15789473684210525,1.218045112781955,15.293233082706767,5.225563909774436,0.5488721804511278,3.9097744360902253,6.120300751879699,0.8345864661654135,0.518796992481203
해태,1988,0.283,0.351,0.423,0.774,4.657407407407407,9.342592592592593,1.2407407407407407,0.12962962962962962,1.037037037037037,13.953703703703704,4.314814814814815,1.2592592592592593,3.175925925925926,3.462962962962963,0.8796296296296297,0.7129629629629629
해태,1997,0.258,0.34,0.408,0.748,4.888888888888889,8.579365079365079,1.6507936507936507,0.07142857142857142,1.0555555555555556,13.53968253968254,4.587301587301587,1.1746031746031746,3.6984126984126986,5.73015873015873,0.8095238095238095,0.6190476190476191
쌍방울,1997,0.269,0.351,0.414,0.766,4.777777777777778,8.65079365079365,1.5952380952380953,0.23809523809523808,0.873015873015873,13.341269841269842,4.484126984126984,0.6428571428571429,3.888888888888889,5.5,0.7857142857142857,1.0873015873015872
롯데,2001,0.28,0.366,0.425,0.791,5.398496240601504,9.511278195488721,1.8571428571428572,0.18045112781954886,0.9097744360902256,14.458646616541353,5.045112781954887,0.7969924812030075,4.398496240601504,6.142857142857143,0.6691729323308271,0.6165413533834586
두산,2008,0.276,0.354,0.378,0.732,5.134920634920635,9.507936507936508,1.3174603174603174,0.29365079365079366,0.5396825396825397,13.031746031746032,4.746031746031746,1.5,3.746031746031746,5.7063492063492065,0.9126984126984127,0.2857142857142857
두산,2001,0.276,0.359,0.421,0.78,5.503759398496241,9.518796992481203,1.6616541353383458,0.19548872180451127,0.9774436090225563,14.503759398496241,5.172932330827067,0.9924812030075187,4.2105263157894735,5.2406015037593985,0.8721804511278195,0.40601503759398494
롯데,1995,0.255,0.333,0.364,0.696,4.682539682539683,8.5,1.253968253968254,0.40476190476190477,0.5158730158730159,12.11111111111111,4.380952380952381,1.746031746031746,3.5476190476190474,5.761904761904762,0.5873015873015873,0.4444444444444444
LG,1997,0.267,0.343,0.394,0.737,4.682539682539683,8.801587301587302,1.746031746031746,0.23015873015873015,0.6587301587301587,12.984126984126984,4.357142857142857,1.0873015873015872,3.3492063492063493,4.76984126984127,0.6507936507936508,0.7698412698412699
삼성,1990,0.263,0.341,0.411,0.752,4.941666666666666,8.666666666666666,1.4166666666666667,0.10833333333333334,1.0916666666666666,13.575,4.625,0.9,3.6166666666666667,4.433333333333334,0.7583333333333333,0.5666666666666667
해태,1990,0.27,0.352,0.392,0.744,4.483333333333333,8.883333333333333,1.475,0.19166666666666668,0.725,12.916666666666666,4.175,0.8416666666666667,3.8833333333333333,4.533333333333333,0.8333333333333334,0.7916666666666666
KIA,2022,0.272,0.349,0.398,0.746,5.0,9.458333333333334,1.7361111111111112,0.13194444444444445,0.7847222222222222,13.8125,4.694444444444445,0.7152777777777778,3.763888888888889,6.826388888888889,0.7708333333333334,0.4166666666666667
LG,1998,0.267,0.339,0.401,0.74,4.833333333333333,8.976190476190476,1.8174603174603174,0.16666666666666666,0.7936507936507936,13.507936507936508,4.5,0.7857142857142857,3.3095238095238093,5.5476190476190474,0.746031746031746,0.6111111111111112
삼성,1994,0.26,0.34,0.386,0.726,4.2936507936507935,8.579365079365079,1.3095238095238095,0.1746031746031746,0.8412698412698413,12.761904761904763,4.0476190476190474,0.9523809523809523,3.634920634920635,5.158730158730159,0.753968253968254,0.626984126984127
LG,2020,0.277,0.349,0.428,0.778,5.569444444444445,9.61111111111111,1.7569444444444444,0.2013888888888889,1.0347222222222223,14.875,5.277777777777778,0.5763888888888888,3.5347222222222223,6.729166666666667,0.7986111111111112,0.3402777777777778
삼성,2000,0.269,0.348,0.447,0.795,5.593984962406015,9.19548872180451,1.849624060150376,0.11278195488721804,1.330827067669173,15.263157894736842,5.323308270676692,0.6090225563909775,3.7293233082706765,7.2706766917293235,0.7293233082706767,0.3533834586466165
한화,2000,0.276,0.346,0.457,0.803,5.112781954887218,9.548872180451127,1.9924812030075187,0.10526315789473684,1.3533834586466165,15.81203007518797,4.924812030075188,0.5864661654135338,3.3759398496240602,7.496240601503759,0.9774436090225563,0.3383458646616541
삼성,1999,0.273,0.352,0.46,0.812,5.666666666666667,9.424242424242424,1.5303030303030303,0.10606060606060606,1.5681818181818181,15.871212121212121,5.393939393939394,1.0606060606060606,3.659090909090909,7.303030303030303,0.6818181818181818,0.5984848484848485
KIA,2018,0.295,0.367,0.457,0.824,6.006944444444445,10.32638888888889,1.7916666666666667,0.1527777777777778,1.1805555555555556,15.965277777777779,5.715277777777778,0.6111111111111112,3.4930555555555554,6.284722222222222,0.9375,0.3888888888888889
SK,2002,0.27,0.339,0.433,0.772,4.646616541353383,9.075187969924812,1.5338345864661653,0.20300751879699247,1.1879699248120301,14.578947368421053,4.413533834586466,0.6015037593984962,2.8947368421052633,6.12781954887218,0.706766917293233,0.7218045112781954
두산,2014,0.293,0.366,0.431,0.798,5.3671875,10.1484375,1.8359375,0.203125,0.84375,14.921875,5.046875,0.8671875,3.65625,5.7109375,0.8046875,0.6328125
SK,2007,0.264,0.341,0.403,0.744,4.785714285714286,8.873015873015873,1.6825396825396826,0.15873015873015872,0.8888888888888888,13.53968253968254,4.507936507936508,1.0793650793650793,3.507936507936508,5.9523809523809526,0.6825396825396826,0.6904761904761905
삼성,2004,0.269,0.346,0.411,0.757,4.819548872180451,9.135338345864662,1.6917293233082706,0.06766917293233082,0.9924812030075187,13.93984962406015,4.511278195488722,0.37593984962406013,3.4586466165413534,5.293233082706767,0.9172932330827067,0.631578947368421
현대,2002,0.261,0.342,0.432,0.774,4.947368421052632,8.721804511278195,1.4360902255639099,0.18796992481203006,1.300751879699248,14.436090225563909,4.834586466165414,0.5939849624060151,3.488721804511278,7.105263157894737,0.6165413533834586,0.7443609022556391
KT,2020,0.284,0.358,0.436,0.794,5.645833333333333,9.944444444444445,1.6527777777777777,0.14583333333333334,1.1319444444444444,15.284722222222221,5.326388888888889,0.7361111111111112,3.8472222222222223,7.618055555555555,0.7222222222222222,0.4444444444444444
해태,1994,0.271,0.328,0.388,0.716,4.468253968253968,9.15079365079365,1.4523809523809523,0.1349206349206349,0.7380952380952381,13.087301587301587,4.238095238095238,1.3015873015873016,2.642857142857143,4.626984126984127,0.6031746031746031,0.6904761904761905
두산,1999,0.285,0.355,0.438,0.793,5.462121212121212,9.886363636363637,1.6515151515151516,0.23484848484848486,1.0681818181818181,15.212121212121213,5.25,1.0303030303030303,3.621212121212121,5.25,0.9545454545454546,0.5606060606060606
삼성,1992,0.265,0.349,0.404,0.752,5.023809523809524,8.952380952380953,1.3412698412698412,0.18253968253968253,0.9841269841269841,13.61111111111111,4.642857142857143,1.007936507936508,3.9206349206349205,4.920634920634921,0.753968253968254,0.4603174603174603
NC,2017,0.293,0.365,0.443,0.808,5.458333333333333,10.340277777777779,1.9236111111111112,0.13194444444444445,1.0347222222222223,15.631944444444445,5.131944444444445,0.6458333333333334,3.2708333333333335,6.798611111111111,0.8263888888888888,0.4305555555555556
NC,2019,0.278,0.345,0.416,0.762,4.680555555555555,9.604166666666666,1.7291666666666667,0.18055555555555555,0.8888888888888888,14.36111111111111,4.4375,0.5972222222222222,3.1666666666666665,6.111111111111111,0.875,0.4444444444444444
키움,2020,0.269,0.355,0.408,0.762,5.270833333333333,9.25,1.7638888888888888,0.1736111111111111,0.8819444444444444,14.006944444444445,4.951388888888889,0.7847222222222222,4.222222222222222,7.152777777777778,0.7430555555555556,0.2986111111111111
두산,2007,0.263,0.343,0.383,0.726,4.587301587301587,8.753968253968255,1.6587301587301588,0.25396825396825395,0.6190476190476191,12.777777777777779,4.309523809523809,1.2777777777777777,3.5634920634920637,5.936507936507937,0.8095238095238095,0.5396825396825397
현대,2006,0.27,0.35,0.384,0.734,4.341269841269841,8.761904761904763,1.3650793650793651,0.07142857142857142,0.7301587301587301,12.46031746031746,4.111111111111111,0.5634920634920635,3.5238095238095237,4.984126984126984,0.8571428571428571,1.2142857142857142
삼성,2009,0.275,0.364,0.432,0.796,5.150375939849624,9.203007518796992,1.7518796992481203,0.11278195488721804,1.0977443609022557,14.473684210526315,4.887218045112782,0.9398496240601504,4.390977443609023,5.932330827067669,0.8120300751879699,0.5037593984962406
KIA,2003,0.272,0.349,0.416,0.765,4.93984962406015,9.105263157894736,1.6466165413533835,0.12030075187969924,0.9699248120300752,13.902255639097744,4.706766917293233,1.0977443609022557,3.7969924812030076,5.421052631578948,0.5413533834586466,0.706766917293233
LG,1999,0.281,0.35,0.442,0.792,5.636363636363637,9.75,1.6515151515151516,0.30303030303030304,1.0984848484848484,15.303030303030303,5.303030303030303,0.75,3.242424242424242,5.848484848484849,0.6893939393939394,0.4318181818181818
삼성,1988,0.278,0.351,0.399,0.75,4.777777777777778,9.518518518518519,1.3703703703703705,0.19444444444444445,0.7870370370370371,13.63888888888889,4.5,1.0185185185185186,3.5277777777777777,4.564814814814815,0.6851851851851852,0.49074074074074076
LG,1990,0.271,0.352,0.375,0.726,4.816666666666666,9.075,1.3,0.3333333333333333,0.5083333333333333,12.566666666666666,4.4,1.1666666666666667,3.875,3.75,0.6833333333333333,0.4666666666666667
두산,2021,0.268,0.35,0.39,0.741,5.125,9.125,1.6319444444444444,0.11805555555555555,0.7638888888888888,13.284722222222221,4.847222222222222,0.5625,3.888888888888889,6.548611111111111,0.9513888888888888,0.3194444444444444
삼성,2005,0.268,0.357,0.391,0.749,4.873015873015873,9.0,1.4126984126984128,0.047619047619047616,0.8809523809523809,13.15079365079365,4.563492063492063,0.7698412698412699,3.9682539682539684,5.936507936507937,0.8888888888888888,0.7777777777777778
해태,1996,0.245,0.329,0.366,0.695,4.388888888888889,8.11111111111111,1.5158730158730158,0.14285714285714285,0.7301587301587301,12.103174603174603,4.0476190476190474,1.3492063492063493,3.6746031746031744,5.873015873015873,0.6587301587301587,0.5634920634920635
LG,1995,0.257,0.334,0.372,0.706,4.182539682539683,8.444444444444445,1.3492063492063493,0.2698412698412698,0.626984126984127,12.214285714285714,3.746031746031746,0.9603174603174603,3.3412698412698414,4.928571428571429,0.7142857142857143,0.5793650793650794
SK,2004,0.272,0.357,0.411,0.768,4.924812030075188,9.19548872180451,1.4736842105263157,0.06766917293233082,1.037593984962406,13.917293233082706,4.706766917293233,0.37593984962406013,3.917293233082707,6.150375939849624,0.7368421052631579,0.7894736842105263
두산,2009,0.28,0.362,0.42,0.781,5.428571428571429,9.669172932330827,1.6165413533834587,0.24812030075187969,0.9022556390977443,14.488721804511279,5.030075187969925,0.9699248120300752,3.924812030075188,6.383458646616542,0.9624060150375939,0.19548872180451127
SK,2003,0.272,0.35,0.431,0.781,4.842105263157895,9.082706766917294,1.5714285714285714,0.12030075187969924,1.1729323308270676,14.413533834586467,4.601503759398496,0.6165413533834586,3.488721804511278,5.7368421052631575,0.6541353383458647,0.9548872180451128
LG,1993,0.256,0.323,0.366,0.689,3.9365079365079363,8.484126984126984,1.3968253968253967,0.25396825396825395,0.5873015873015873,12.15079365079365,3.6746031746031744,0.9285714285714286,2.984126984126984,4.714285714285714,0.753968253968254,0.7222222222222222
한화,2001,0.275,0.357,0.426,0.783,4.954887218045113,9.436090225563909,1.586466165413534,0.11278195488721804,1.112781954887218,14.586466165413533,4.7218045112781954,1.0150375939849625,4.12781954887218,6.593984962406015,0.7969924812030075,0.5639097744360902
현대,2001,0.268,0.363,0.429,0.791,5.345864661654136,8.962406015037594,1.2481203007518797,0.15037593984962405,1.2706766917293233,14.323308270676693,5.015037593984962,0.7443609022556391,4.496240601503759,6.849624060150376,0.8195488721804511,0.5789473684210527
SK,2013,0.265,0.346,0.406,0.752,4.59375,8.859375,1.4765625,0.15625,0.96875,13.5546875,4.359375,1.125,3.6328125,7.171875,0.7734375,0.6484375
삼성,2011,0.259,0.343,0.376,0.719,4.6992481203007515,8.646616541353383,1.4511278195488722,0.15037593984962405,0.7142857142857143,12.541353383458647,4.398496240601504,1.1879699248120301,3.924812030075188,7.067669172932331,0.7293233082706767,0.5488721804511278
SK,2005,0.269,0.355,0.403,0.757,4.674603174603175,9.03968253968254,1.380952380952381,0.09523809523809523,0.9682539682539683,13.515873015873016,4.436507936507937,0.8015873015873016,3.9285714285714284,6.396825396825397,0.6984126984126984,1.0793650793650793
LG,2000,0.273,0.356,0.414,0.77,5.165413533834586,9.31578947368421,1.7067669172932332,0.16541353383458646,0.9172932330827067,14.105263157894736,4.864661654135339,0.7293233082706767,4.157894736842105,6.052631578947368,0.6992481203007519,0.631578947368421
해태,1985,0.272,0.337,0.402,0.74,4.390909090909091,9.172727272727272,1.4545454545454546,0.11818181818181818,0.9,13.563636363636364,3.9727272727272727,1.1818181818181819,3.1636363636363636,3.5090909090909093,0.7727272727272727,0.5454545454545454
LG,2010,0.276,0.349,0.411,0.759,5.172932330827067,9.548872180451127,1.6766917293233083,0.12781954887218044,0.9097744360902256,14.210526315789474,4.902255639097745,1.2706766917293233,3.654135338345865,6.819548872180451,0.7293233082706767,0.6165413533834586
쌍방울,1991,0.253,0.338,0.379,0.717,4.396825396825397,8.261904761904763,1.5714285714285714,0.23809523809523808,0.6904761904761905,12.380952380952381,4.007936507936508,1.0317460317460319,3.7698412698412698,5.761904761904762,0.7380952380952381,0.36507936507936506
현대,2005,0.256,0.344,0.399,0.743,4.468253968253968,8.5,1.3333333333333333,0.12698412698412698,1.0634920634920635,13.277777777777779,4.198412698412699,0.6428571428571429,3.634920634920635,6.484126984126984,0.6746031746031746,0.8333333333333334
LG,2013,0.282,0.355,0.386,0.741,4.8125,9.453125,1.515625,0.296875,0.4609375,12.9453125,4.484375,1.0859375,3.5234375,6.296875,0.625,0.7109375
롯데,2021,0.278,0.356,0.399,0.756,5.048611111111111,9.67361111111111,1.8472222222222223,0.06944444444444445,0.7430555555555556,13.88888888888889,4.840277777777778,0.4166666666666667,4.020833333333333,6.729166666666667,0.7847222222222222,0.2638888888888889
롯데,2018,0.289,0.356,0.471,0.827,5.701388888888889,10.305555555555555,2.0069444444444446,0.11805555555555555,1.4097222222222223,16.77777777777778,5.5,0.4722222222222222,3.2708333333333335,8.034722222222221,0.8611111111111112,0.3125
해태/KIA,2001,0.278,0.353,0.428,0.782,5.135338345864661,9.496240601503759,1.6616541353383458,0.12781954887218044,1.0676691729323309,14.61654135338346,4.7894736842105265,0.6917293233082706,3.736842105263158,5.819548872180451,0.9699248120300752,0.38345864661654133
한화,2006,0.253,0.331,0.38,0.711,4.055555555555555,8.38888888888889,1.5158730158730158,0.023809523809523808,0.873015873015873,12.571428571428571,3.8174603174603177,0.5158730158730159,3.507936507936508,6.349206349206349,0.9523809523809523,0.5396825396825397
한화,2004,0.268,0.34,0.423,0.764,4.7518796992481205,9.1203007518797,1.8421052631578947,0.12781954887218044,1.0526315789473684,14.37593984962406,4.548872180451128,0.6165413533834586,3.4285714285714284,6.93984962406015,0.8045112781954887,0.6616541353383458
해태,1986,0.259,0.325,0.39,0.715,4.388888888888889,8.601851851851851,1.2592592592592593,0.16666666666666666,0.9166666666666666,12.944444444444445,4.101851851851852,1.1111111111111112,2.9722222222222223,3.759259259259259,0.7592592592592593,0.7037037037037037
히어로즈,2009,0.272,0.356,0.434,0.789,5.135338345864661,9.165413533834586,1.7142857142857142,0.15037593984962405,1.150375939849624,14.631578947368421,4.887218045112782,1.443609022556391,4.112781954887218,6.804511278195489,0.8721804511278195,0.48120300751879697
SK,2012,0.258,0.333,0.384,0.717,4.2406015037593985,8.421052631578947,1.481203007518797,0.11278195488721804,0.8120300751879699,12.563909774436091,3.9323308270676693,0.7819548872180451,3.345864661654135,6.496240601503759,0.6390977443609023,0.8872180451127819
삼성,1984,0.27,0.343,0.396,0.739,4.35,8.89,1.47,0.18,0.78,13.06,4.13,0.75,3.13,4.22,0.62,0.62
SK,2010,0.274,0.355,0.412,0.768,5.293233082706767,9.150375939849624,1.669172932330827,0.12030075187969924,0.9022556390977443,13.766917293233083,4.87218045112782,1.2105263157894737,3.6390977443609023,6.112781954887218,0.6466165413533834,1.105263157894737
쌍방울,1996,0.264,0.34,0.369,0.709,4.325396825396825,8.61111111111111,1.5238095238095237,0.2619047619047619,0.4603174603174603,12.03968253968254,3.880952380952381,0.6746031746031746,3.388888888888889,5.476190476190476,0.7063492063492064,1.1349206349206349
KIA,2012,0.256,0.343,0.347,0.69,4.157894736842105,8.360902255639099,1.481203007518797,0.14285714285714285,0.40601503759398494,11.345864661654135,3.8947368421052633,0.9924812030075187,4.090225563909774,5.93984962406015,0.7518796992481203,0.9924812030075187
SK,2018,0.281,0.356,0.473,0.829,5.756944444444445,9.743055555555555,1.625,0.09027777777777778,1.6180555555555556,16.40277777777778,5.493055555555555,0.75,3.3541666666666665,7.493055555555555,0.7152777777777778,0.375
OB,1993,0.258,0.328,0.36,0.688,3.753968253968254,8.46031746031746,1.3968253968253967,0.2698412698412698,0.46825396825396826,11.801587301587302,3.507936507936508,0.6825396825396826,3.1984126984126986,4.849206349206349,0.8253968253968254,0.9365079365079365
SK,2014,0.291,0.362,0.434,0.795,5.7421875,10.0390625,1.9140625,0.171875,0.8984375,14.9921875,5.4375,1.0859375,3.4921875,7.234375,0.71875,0.7109375
NC,2021,0.261,0.343,0.416,0.759,4.875,8.708333333333334,1.4097222222222223,0.11805555555555555,1.1805555555555556,13.895833333333334,4.652777777777778,0.6944444444444444,3.548611111111111,7.590277777777778,0.6527777777777778,0.4097222222222222
넥센,2012,0.243,0.325,0.37,0.696,4.12781954887218,7.93984962406015,1.4210526315789473,0.21052631578947367,0.7669172932330827,12.082706766917294,3.827067669172932,1.3458646616541354,3.5789473684210527,6.706766917293233,0.5939849624060151,0.6917293233082706
SK,2006,0.254,0.329,0.375,0.704,4.0396825396825395,8.404761904761905,1.3571428571428572,0.15079365079365079,0.7857142857142857,12.420634920634921,3.873015873015873,0.9285714285714286,3.365079365079365,6.817460317460317,0.6666666666666666,0.7619047619047619
삼성,2006,0.255,0.341,0.36,0.701,4.26984126984127,8.277777777777779,1.5238095238095237,0.07142857142857142,0.5793650793650794,11.682539682539682,4.007936507936508,0.9603174603174603,3.7857142857142856,5.468253968253968,0.8492063492063492,0.7142857142857143
한화,2008,0.254,0.333,0.395,0.728,4.698412698412699,8.619047619047619,1.619047619047619,0.15873015873015872,0.9523809523809523,13.412698412698413,4.492063492063492,0.7698412698412699,3.6746031746031744,6.111111111111111,0.7936507936507936,0.4126984126984127
넥센,2018,0.288,0.355,0.448,0.802,5.729166666666667,10.284722222222221,2.0,0.13194444444444445,1.1458333333333333,15.98611111111111,5.465277777777778,0.7013888888888888,3.2777777777777777,8.38888888888889,0.6458333333333334,0.2222222222222222
삼성,1996,0.249,0.327,0.37,0.697,4.0476190476190474,8.166666666666666,1.5158730158730158,0.18253968253968253,0.6984126984126984,12.142857142857142,3.7936507936507935,1.0714285714285714,3.357142857142857,6.404761904761905,0.6111111111111112,0.4444444444444444
롯데,2014,0.287,0.369,0.436,0.805,5.59375,10.0703125,1.96875,0.203125,0.9453125,15.28125,5.359375,0.4921875,4.171875,7.53125,0.7421875,0.484375
한화,2009,0.269,0.348,0.426,0.774,4.93984962406015,9.330827067669173,1.5789473684210527,0.09774436090225563,1.2330827067669172,14.80451127819549,4.7293233082706765,0.518796992481203,3.744360902255639,7.646616541353383,0.9473684210526315,0.3233082706766917
넥센,2016,0.293,0.368,0.44,0.808,5.645833333333333,10.166666666666666,1.7638888888888888,0.2708333333333333,0.9305555555555556,15.26388888888889,5.3125,1.0694444444444444,3.861111111111111,6.638888888888889,0.8402777777777778,0.2361111111111111
넥센,2017,0.29,0.357,0.437,0.794,5.479166666666667,10.270833333333334,1.8541666666666667,0.20833333333333334,0.9791666666666666,15.479166666666666,5.194444444444445,0.4861111111111111,3.25,7.402777777777778,0.8958333333333334,0.14583333333333334
LG,2012,0.261,0.332,0.354,0.687,4.090225563909774,8.902255639097744,1.593984962406015,0.13533834586466165,0.44360902255639095,12.097744360902256,3.8496240601503757,1.0526315789473684,3.443609022556391,6.443609022556391,0.8045112781954887,0.6015037593984962
KIA,2009,0.267,0.357,0.427,0.785,5.30827067669173,8.954887218045112,1.481203007518797,0.18045112781954886,1.1729323308270676,14.31578947368421,5.045112781954887,0.849624060150376,4.353383458646617,6.69172932330827,0.8345864661654135,0.556390977443609
삼성,1983,0.263,0.333,0.393,0.726,4.48,8.89,1.43,0.14,0.9,13.3,4.21,0.7,3.14,4.27,0.62,0.66
KT,2019,0.277,0.344,0.385,0.729,4.513888888888889,9.541666666666666,1.2916666666666667,0.1388888888888889,0.7152777777777778,13.256944444444445,4.270833333333333,0.7152777777777778,3.298611111111111,6.756944444444445,0.7847222222222222,0.3125
SSG,2022,0.254,0.336,0.396,0.732,5.0,8.645833333333334,1.6875,0.125,0.9583333333333334,13.458333333333334,4.736111111111111,0.6805555555555556,3.6805555555555554,7.465277777777778,0.6666666666666666,0.5347222222222222
LG,2018,0.293,0.353,0.445,0.797,5.472222222222222,10.32638888888889,2.076388888888889,0.08333333333333333,1.0277777777777777,15.652777777777779,5.138888888888889,0.4930555555555556,2.9027777777777777,6.951388888888889,0.8680555555555556,0.3541666666666667
삼성,1995,0.25,0.324,0.374,0.699,4.428571428571429,8.30952380952381,1.5793650793650793,0.15873015873015872,0.746031746031746,12.444444444444445,4.095238095238095,0.7936507936507936,3.0476190476190474,5.738095238095238,0.6111111111111112,0.4365079365079365
NC,2014,0.282,0.353,0.447,0.8,5.7578125,9.7578125,1.78125,0.28125,1.1171875,15.453125,5.4453125,1.203125,3.4609375,7.171875,0.703125,0.34375
한화,1995,0.249,0.323,0.38,0.703,4.0476190476190474,8.23015873015873,1.626984126984127,0.1984126984126984,0.7619047619047619,12.53968253968254,3.7857142857142856,0.7698412698412699,3.1984126984126986,5.944444444444445,0.6349206349206349,0.7936507936507936
해태,1989,0.255,0.339,0.364,0.703,4.166666666666667,8.425,1.1833333333333333,0.075,0.75,12.008333333333333,3.933333333333333,0.925,3.9166666666666665,4.233333333333333,0.925,0.475
쌍방울,1998,0.261,0.334,0.391,0.725,4.253968253968254,8.642857142857142,1.3968253968253967,0.24603174603174602,0.8015873015873016,12.936507936507937,3.9603174603174605,0.7380952380952381,3.492063492063492,6.015873015873016,0.746031746031746,0.753968253968254
KIA,2013,0.261,0.349,0.373,0.722,4.5859375,8.7890625,1.5234375,0.1015625,0.6875,12.578125,4.2578125,1.1015625,4.1953125,6.75,0.859375,0.609375
LG,2007,0.268,0.338,0.374,0.713,4.222222222222222,9.206349206349206,1.4761904761904763,0.15079365079365079,0.6190476190476191,12.841269841269842,4.031746031746032,1.0317460317460319,3.4206349206349205,5.587301587301587,0.8492063492063492,0.7063492063492064
한화,2002,0.256,0.328,0.42,0.748,4.533834586466165,8.631578947368421,1.5488721804511278,0.07518796992481203,1.2781954887218046,14.165413533834586,4.285714285714286,0.706766917293233,3.3533834586466167,8.0,0.7969924812030075,0.39097744360902253
LG,2005,0.26,0.327,0.389,0.717,4.76984126984127,8.714285714285714,1.5,0.16666666666666666,0.8333333333333334,13.047619047619047,4.396825396825397,1.1825396825396826,2.7698412698412698,7.261904761904762,0.5714285714285714,0.6349206349206349
롯데,2007,0.27,0.34,0.377,0.717,4.23015873015873,9.142857142857142,1.5317460317460319,0.14285714285714285,0.6031746031746031,12.76984126984127,3.9761904761904763,0.5317460317460317,3.2142857142857144,6.055555555555555,0.6904761904761905,0.8253968253968254
KT,2021,0.265,0.356,0.382,0.738,4.993055555555555,8.847222222222221,1.5208333333333333,0.0763888888888889,0.7361111111111112,12.729166666666666,4.6875,0.7777777777777778,4.479166666666667,7.25,0.7291666666666666,0.4791666666666667
키움,2021,0.259,0.347,0.376,0.722,5.0,8.743055555555555,1.6944444444444444,0.19444444444444445,0.625,12.70138888888889,4.645833333333333,0.6666666666666666,4.118055555555555,7.298611111111111,0.6458333333333334,0.24305555555555555
현대,2007,0.271,0.346,0.384,0.729,4.2063492063492065,9.158730158730158,1.4126984126984128,0.05555555555555555,0.7619047619047619,12.968253968253968,4.023809523809524,0.40476190476190477,3.515873015873016,5.182539682539683,0.8809523809523809,0.9920634920634921
한화,2012,0.249,0.338,0.351,0.69,3.827067669172932,8.097744360902256,1.5639097744360901,0.09022556390977443,0.5338345864661654,11.443609022556391,3.601503759398496,0.8045112781954887,4.045112781954887,6.819548872180451,0.7669172932330827,0.7518796992481203
LG,1996,0.246,0.33,0.364,0.694,4.174603174603175,8.222222222222221,1.3015873015873016,0.14285714285714285,0.7777777777777778,12.142857142857142,3.9603174603174605,0.753968253968254,3.5,5.317460317460317,0.7063492063492064,0.7380952380952381
삼성,2016,0.293,0.367,0.439,0.806,5.916666666666667,10.36111111111111,1.7291666666666667,0.2361111111111111,0.9861111111111112,15.520833333333334,5.5,0.7222222222222222,3.8333333333333335,6.0,0.8263888888888888,0.6111111111111112
한화,1996,0.245,0.327,0.372,0.699,4.142857142857143,7.936507936507937,1.6111111111111112,0.18253968253968253,0.7142857142857143,12.055555555555555,3.9603174603174605,0.753968253968254,3.4285714285714284,6.634920634920635,0.7301587301587301,0.9682539682539683
삼성,2021,0.267,0.344,0.399,0.743,4.944444444444445,8.972222222222221,1.4166666666666667,0.125,0.9236111111111112,13.409722222222221,4.645833333333333,0.8055555555555556,3.7847222222222223,6.263888888888889,0.6805555555555556,0.3333333333333333
LG,2019,0.267,0.333,0.378,0.711,4.451388888888889,9.131944444444445,1.6180555555555556,0.10416666666666667,0.6527777777777778,12.916666666666666,4.194444444444445,0.7430555555555556,3.013888888888889,6.673611111111111,0.8125,0.3402777777777778
두산,2005,0.27,0.351,0.365,0.715,4.73015873015873,9.103174603174603,1.4523809523809523,0.1349206349206349,0.5,12.325396825396826,4.428571428571429,0.8174603174603174,3.6904761904761907,5.563492063492063,0.7380952380952381,0.6428571428571429
LG,2009,0.278,0.36,0.413,0.773,5.037593984962406,9.406015037593985,1.368421052631579,0.15789473684210525,0.9699248120300752,14.0,4.714285714285714,1.0601503759398496,4.150375939849624,5.87218045112782,0.9323308270676691,0.7293233082706767
롯데,2015,0.28,0.356,0.446,0.802,5.3125,9.67361111111111,1.7638888888888888,0.13194444444444445,1.2291666666666667,15.38888888888889,5.048611111111111,0.7222222222222222,3.6944444444444446,8.23611111111111,0.9444444444444444,0.5555555555555556
LG,2001,0.276,0.363,0.391,0.754,5.030075187969925,9.37593984962406,1.6466165413533835,0.18045112781954886,0.6390977443609023,13.300751879699249,4.7368421052631575,0.7218045112781954,4.43609022556391,5.706766917293233,0.7518796992481203,0.8571428571428571
삼성,2008,0.258,0.344,0.376,0.72,4.420634920634921,8.555555555555555,1.4841269841269842,0.11904761904761904,0.7301587301587301,12.468253968253968,4.126984126984127,0.46825396825396826,4.007936507936508,5.5476190476190474,0.9126984126984127,0.5555555555555556
롯데,1991,0.26,0.339,0.378,0.717,4.626984126984127,8.507936507936508,1.4047619047619047,0.36507936507936506,0.5793650793650794,12.380952380952381,4.23015873015873,0.7698412698412699,3.626984126984127,4.087301587301587,0.6190476190476191,0.9682539682539683
두산,2004,0.268,0.342,0.381,0.723,4.556390977443609,9.022556390977444,1.518796992481203,0.14285714285714285,0.6691729323308271,12.834586466165414,4.30827067669173,0.5338345864661654,3.255639097744361,5.864661654135339,0.6466165413533834,0.41353383458646614
롯데,2016,0.288,0.37,0.422,0.793,5.395833333333333,9.993055555555555,1.75,0.1388888888888889,0.8819444444444444,14.666666666666666,5.083333333333333,1.0069444444444444,4.138888888888889,7.368055555555555,0.8333333333333334,0.4305555555555556
키움,2022,0.252,0.333,0.363,0.697,4.3125,8.67361111111111,1.4097222222222223,0.22916666666666666,0.6527777777777778,12.5,4.006944444444445,0.4375,3.6597222222222223,7.166666666666667,0.6180555555555556,0.3402777777777778
KIA,2016,0.286,0.358,0.452,0.81,5.576388888888889,9.92361111111111,1.8333333333333333,0.19444444444444445,1.1805555555555556,15.6875,5.236111111111111,0.7013888888888888,3.4652777777777777,6.923611111111111,0.7569444444444444,0.4583333333333333
롯데,2012,0.263,0.326,0.364,0.69,3.827067669172932,8.864661654135338,1.518796992481203,0.12030075187969924,0.5488721804511278,12.270676691729323,3.601503759398496,0.8947368421052632,2.819548872180451,6.69172932330827,0.6842105263157895,0.8045112781954887
빙그레,1993,0.238,0.317,0.347,0.664,3.6031746031746033,7.7936507936507935,1.4285714285714286,0.10317460317460317,0.6428571428571429,11.357142857142858,3.388888888888889,0.7619047619047619,3.4365079365079363,5.896825396825397,0.746031746031746,0.5793650793650794
MBC,1986,0.265,0.33,0.353,0.682,4.018518518518518,8.925925925925926,1.4074074074074074,0.26851851851851855,0.3425925925925926,11.898148148148149,3.685185185185185,1.0740740740740742,2.9166666666666665,3.962962962962963,0.6018518518518519,0.8240740740740741
LG,2011,0.266,0.338,0.377,0.716,4.353383458646617,9.045112781954888,1.443609022556391,0.11278195488721804,0.706766917293233,12.834586466165414,4.052631578947368,0.8721804511278195,3.481203007518797,6.451127819548872,0.7969924812030075,0.6466165413533834
한화,2007,0.254,0.342,0.376,0.718,4.238095238095238,8.333333333333334,1.3095238095238095,0.10317460317460317,0.8253968253968254,12.325396825396826,3.984126984126984,0.38095238095238093,4.015873015873016,5.595238095238095,1.0158730158730158,0.6904761904761905
빙그레,1988,0.266,0.334,0.387,0.721,4.685185185185185,8.898148148148149,1.6388888888888888,0.19444444444444445,0.6759259259259259,12.953703703703704,4.305555555555555,0.7685185185185185,3.074074074074074,4.296296296296297,0.7222222222222222,0.6481481481481481
두산,2002,0.261,0.331,0.396,0.726,4.413533834586466,8.819548872180452,1.3082706766917294,0.15789473684210525,0.9774436090225563,13.37593984962406,4.180451127819549,0.7969924812030075,3.263157894736842,5.969924812030075,0.8045112781954887,0.3533834586466165
LG,2021,0.25,0.342,0.368,0.71,4.541666666666667,8.25,1.4583333333333333,0.0763888888888889,0.7638888888888888,12.152777777777779,4.319444444444445,0.6388888888888888,4.118055555555555,6.430555555555555,0.7083333333333334,0.3611111111111111
삼성,2007,0.254,0.341,0.365,0.706,3.9444444444444446,8.428571428571429,1.5158730158730158,0.07142857142857142,0.6825396825396826,12.134920634920634,3.7222222222222223,0.8015873015873016,4.055555555555555,5.380952380952381,0.7380952380952381,0.753968253968254
NC,2022,0.257,0.334,0.375,0.709,4.486111111111111,8.756944444444445,1.6041666666666667,0.09722222222222222,0.7291666666666666,12.743055555555555,4.256944444444445,0.6944444444444444,3.4791666666666665,6.8125,0.7777777777777778,0.3472222222222222
SK,2011,0.263,0.34,0.385,0.726,4.390977443609023,8.699248120300751,1.5338345864661653,0.13533834586466165,0.7518796992481203,12.759398496240602,4.2180451127819545,0.7894736842105263,3.5338345864661656,6.6992481203007515,0.6616541353383458,1.105263157894737
두산,2003,0.276,0.346,0.39,0.736,4.2330827067669174,9.406015037593985,1.5413533834586466,0.15789473684210525,0.6766917293233082,13.293233082706767,4.067669172932331,0.43609022556390975,3.398496240601504,5.30827067669173,0.9097744360902256,0.47368421052631576
롯데,2009,0.277,0.35,0.423,0.773,4.7894736842105265,9.19548872180451,1.894736842105263,0.11278195488721804,0.9097744360902256,14.045112781954888,4.488721804511278,0.7969924812030075,3.4285714285714284,6.135338345864661,0.9097744360902256,0.45112781954887216
두산,2012,0.26,0.322,0.352,0.673,3.9398496240601504,8.563909774436091,1.2932330827067668,0.19548872180451127,0.44360902255639095,11.578947368421053,3.6842105263157894,0.8721804511278195,2.7218045112781954,4.954887218045113,0.9699248120300752,0.7669172932330827
삼성,2022,0.27,0.334,0.387,0.721,4.604166666666667,9.42361111111111,1.6736111111111112,0.13194444444444445,0.7152777777777778,13.506944444444445,4.347222222222222,0.625,3.1041666666666665,7.145833333333333,0.8263888888888888,0.5763888888888888
쌍방울,1995,0.254,0.32,0.364,0.683,3.7777777777777777,8.365079365079366,1.3095238095238095,0.16666666666666666,0.6587301587301587,11.984126984126984,3.4761904761904763,1.0396825396825398,3.0238095238095237,4.761904761904762,0.5952380952380952,0.8174603174603174
롯데,1994,0.257,0.323,0.357,0.68,3.880952380952381,8.507936507936508,1.4285714285714286,0.2619047619047619,0.4603174603174603,11.841269841269842,3.626984126984127,1.3888888888888888,3.0,5.333333333333333,0.6349206349206349,0.4523809523809524
현대,1999,0.272,0.359,0.418,0.777,5.295454545454546,9.166666666666666,1.4166666666666667,0.13636363636363635,1.0833333333333333,14.106060606060606,4.9393939393939394,0.8257575757575758,4.068181818181818,5.909090909090909,0.6666666666666666,0.9621212121212122
롯데,2020,0.276,0.354,0.408,0.762,5.208333333333333,9.48611111111111,1.75,0.041666666666666664,0.9097222222222222,14.04861111111111,4.9375,0.625,3.951388888888889,6.076388888888889,1.0277777777777777,0.2708333333333333
해태,1983,0.267,0.332,0.385,0.717,4.23,8.92,1.3,0.15,0.78,12.86,3.88,1.31,2.94,3.82,0.75,0.37
롯데,1987,0.268,0.343,0.36,0.703,4.0,8.981481481481481,1.4907407407407407,0.25,0.37037037037037035,12.083333333333334,3.7037037037037037,0.9166666666666666,3.611111111111111,3.0555555555555554,0.9444444444444444,0.7962962962962963
한화,2003,0.254,0.343,0.393,0.736,4.338345864661654,8.503759398496241,1.6390977443609023,0.15037593984962405,0.9097744360902256,13.172932330827068,3.917293233082707,0.5864661654135338,4.075187969924812,6.669172932330827,0.6691729323308271,0.7669172932330827
LG,2016,0.29,0.361,0.417,0.779,5.458333333333333,10.166666666666666,1.6527777777777777,0.18055555555555555,0.8194444444444444,14.63888888888889,5.166666666666667,0.8402777777777778,3.6319444444444446,6.819444444444445,0.6388888888888888,0.4513888888888889
LG,2002,0.261,0.332,0.385,0.717,4.383458646616542,8.819548872180452,1.593984962406015,0.16541353383458646,0.7518796992481203,13.0,4.067669172932331,1.0526315789473684,3.0977443609022557,7.150375939849624,0.6842105263157895,0.6992481203007519
SK,2016,0.291,0.356,0.454,0.811,5.229166666666667,10.166666666666666,1.625,0.13194444444444445,1.2638888888888888,15.847222222222221,4.965277777777778,0.6180555555555556,2.9791666666666665,7.069444444444445,0.7222222222222222,0.4930555555555556
SK,2017,0.271,0.341,0.465,0.806,5.284722222222222,9.284722222222221,1.5416666666666667,0.10416666666666667,1.625,15.909722222222221,5.090277777777778,0.3680555555555556,2.9652777777777777,7.638888888888889,0.6736111111111112,0.3958333333333333
현대,1996,0.243,0.318,0.371,0.689,3.9126984126984126,7.944444444444445,1.3571428571428572,0.16666666666666666,0.8412698412698413,12.158730158730158,3.6666666666666665,0.8888888888888888,3.142857142857143,5.928571428571429,0.5238095238095238,0.8253968253968254
롯데,2017,0.285,0.356,0.433,0.789,5.159722222222222,9.895833333333334,1.7361111111111112,0.11805555555555555,1.0486111111111112,15.01388888888889,4.840277777777778,0.6388888888888888,3.173611111111111,7.069444444444445,1.0138888888888888,0.5277777777777778
삼미/청보,1985,0.252,0.328,0.36,0.688,3.7818181818181817,8.363636363636363,1.4363636363636363,0.08181818181818182,0.6636363636363637,11.954545454545455,3.418181818181818,0.6363636363636364,3.4363636363636365,4.154545454545454,0.8636363636363636,0.6454545454545455
태평양,1989,0.247,0.335,0.345,0.679,3.975,7.858333333333333,1.4833333333333334,0.20833333333333334,0.4,10.958333333333334,3.566666666666667,1.3916666666666666,4.016666666666667,4.541666666666667,0.6166666666666667,0.8166666666666667
삼성,2018,0.288,0.355,0.432,0.787,5.388888888888889,10.215277777777779,1.6736111111111112,0.2013888888888889,1.0138888888888888,15.333333333333334,5.083333333333333,0.8055555555555556,3.25,7.180555555555555,0.7986111111111112,0.3958333333333333
OB,1997,0.254,0.324,0.361,0.685,4.055555555555555,8.492063492063492,1.2619047619047619,0.16666666666666666,0.6666666666666666,12.087301587301587,3.8174603174603177,1.1349206349206349,3.0317460317460316,5.690476190476191,0.7619047619047619,0.5555555555555556
롯데,1988,0.27,0.339,0.377,0.717,4.462962962962963,8.953703703703704,1.3148148148148149,0.16666666666666666,0.6296296296296297,12.49074074074074,4.12962962962963,1.1759259259259258,3.212962962962963,3.0833333333333335,0.75,0.9629629629629629
KIA,2014,0.288,0.355,0.437,0.792,5.171875,9.9921875,1.921875,0.2109375,0.9453125,15.171875,4.9296875,0.9453125,3.25,6.796875,0.7421875,0.5234375
롯데,2013,0.261,0.345,0.36,0.705,4.34375,8.734375,1.625,0.140625,0.4765625,12.0703125,4.078125,1.0390625,3.921875,6.734375,0.71875,0.578125
KIA,2010,0.26,0.347,0.383,0.73,4.593984962406015,8.631578947368421,1.4285714285714286,0.12781954887218044,0.7969924812030075,12.706766917293233,4.315789473684211,0.8796992481203008,3.9323308270676693,6.503759398496241,0.8270676691729323,0.8195488721804511
KIA,2005,0.26,0.337,0.38,0.717,4.2936507936507935,8.746031746031745,1.4523809523809523,0.10317460317460317,0.7857142857142857,12.761904761904763,4.023809523809524,0.8015873015873016,3.4126984126984126,5.698412698412699,0.8015873015873016,0.626984126984127
롯데,1984,0.257,0.331,0.377,0.708,4.05,8.4,1.39,0.2,0.71,12.32,3.74,1.08,3.26,4.46,0.58,0.56
롯데,1998,0.255,0.329,0.381,0.709,4.253968253968254,8.492063492063492,1.5873015873015872,0.2619047619047619,0.6825396825396826,12.65079365079365,3.9682539682539684,0.6031746031746031,3.1984126984126986,6.579365079365079,0.6031746031746031,0.7063492063492064
OB,1998,0.256,0.317,0.383,0.7,4.126984126984127,8.571428571428571,1.380952380952381,0.2222222222222222,0.8095238095238095,12.825396825396826,3.8015873015873014,0.9761904761904762,2.6825396825396823,5.658730158730159,0.6904761904761905,0.5158730158730159
MBC,1982,0.282,0.354,0.41,0.764,5.2375,9.4625,1.55,0.15,0.8125,13.75,4.7625,1.675,3.35,3.95,0.7,0.4
OB,1985,0.26,0.331,0.37,0.701,4.3,8.672727272727272,1.3272727272727274,0.24545454545454545,0.6090909090909091,12.318181818181818,3.9272727272727272,0.9727272727272728,3.2181818181818183,4.0181818181818185,0.4909090909090909,0.7909090909090909
롯데,1993,0.248,0.319,0.328,0.647,3.5873015873015874,8.03968253968254,1.2698412698412698,0.30158730158730157,0.23015873015873015,10.603174603174603,3.3492063492063493,1.380952380952381,3.0873015873015874,4.468253968253968,0.5952380952380952,0.9047619047619048
SK,2019,0.262,0.334,0.384,0.718,4.548611111111111,8.958333333333334,1.5138888888888888,0.09722222222222222,0.8125,13.104166666666666,4.319444444444445,0.8194444444444444,3.2083333333333335,6.708333333333333,0.6388888888888888,0.24305555555555555
KT,2022,0.254,0.33,0.375,0.704,4.381944444444445,8.590277777777779,1.3263888888888888,0.13194444444444445,0.8263888888888888,12.659722222222221,4.083333333333333,0.6180555555555556,3.6041666666666665,8.215277777777779,0.7291666666666666,0.4861111111111111
LG,2014,0.279,0.361,0.4,0.761,5.2109375,9.484375,1.6640625,0.171875,0.703125,13.6015625,4.8671875,0.8125,4.09375,6.3828125,0.875,0.6015625
KIA,2006,0.255,0.325,0.356,0.681,3.7777777777777777,8.468253968253968,1.5158730158730158,0.1746031746031746,0.49206349206349204,11.80952380952381,3.4206349206349205,0.7380952380952381,3.0952380952380953,5.158730158730159,0.7142857142857143,0.8095238095238095
SK,2015,0.272,0.349,0.41,0.759,4.8125,9.1875,1.4861111111111112,0.06944444444444445,1.0069444444444444,13.833333333333334,4.555555555555555,0.6527777777777778,3.4027777777777777,7.270833333333333,0.7847222222222222,0.7638888888888888
두산,2006,0.258,0.328,0.347,0.676,3.611111111111111,8.476190476190476,1.2063492063492063,0.2222222222222222,0.4365079365079365,11.436507936507937,3.373015873015873,1.0476190476190477,2.9206349206349205,5.0396825396825395,0.8095238095238095,0.6428571428571429
빙그레,1987,0.274,0.342,0.368,0.71,3.7962962962962963,9.0,1.3333333333333333,0.2037037037037037,0.4444444444444444,12.074074074074074,3.425925925925926,0.7314814814814815,3.0185185185185186,3.9166666666666665,0.7777777777777778,0.9629629629629629
KIA,2020,0.274,0.351,0.404,0.755,5.027777777777778,9.395833333333334,1.5555555555555556,0.09027777777777778,0.9027777777777778,13.840277777777779,4.805555555555555,0.3263888888888889,3.7083333333333335,6.645833333333333,0.7847222222222222,0.4375
MBC,1989,0.252,0.335,0.338,0.673,4.083333333333333,8.208333333333334,1.1583333333333334,0.3,0.35,11.016666666666667,3.816666666666667,1.4333333333333333,3.9166666666666665,4.075,0.7416666666666667,0.7083333333333334
삼성,1982,0.266,0.347,0.392,0.739,5.3625,8.8125,1.575,0.225,0.7125,12.975,4.675,1.8375,3.8375,4.3625,0.625,0.45
LG,2004,0.259,0.337,0.379,0.716,4.421052631578948,8.646616541353383,1.3233082706766917,0.18045112781954886,0.7669172932330827,12.631578947368421,4.165413533834586,0.518796992481203,3.3157894736842106,6.706766917293233,0.6691729323308271,0.5488721804511278
태평양,1994,0.244,0.316,0.365,0.681,3.8492063492063493,7.841269841269841,1.4206349206349207,0.14285714285714285,0.7222222222222222,11.714285714285714,3.5952380952380953,0.5238095238095238,3.0555555555555554,5.9523809523809526,0.6825396825396826,1.0
두산,2022,0.255,0.324,0.365,0.689,4.430555555555555,8.67361111111111,1.4583333333333333,0.08333333333333333,0.7013888888888888,12.402777777777779,4.111111111111111,0.625,3.125,6.993055555555555,0.8055555555555556,0.3680555555555556
한화,1997,0.253,0.325,0.381,0.707,3.8174603174603177,8.19047619047619,1.4285714285714286,0.14285714285714285,0.8095238095238095,12.333333333333334,3.5317460317460316,0.7777777777777778,3.0238095238095237,6.190476190476191,0.6984126984126984,1.0158730158730158
롯데,2006,0.25,0.327,0.357,0.684,3.873015873015873,8.206349206349206,1.373015873015873,0.023809523809523808,0.6984126984126984,11.722222222222221,3.6746031746031744,0.49206349206349204,3.3174603174603177,6.468253968253968,0.6666666666666666,0.9841269841269841
한화,2011,0.255,0.338,0.362,0.7,4.2706766917293235,8.360902255639099,1.2030075187969924,0.10526315789473684,0.6992481203007519,11.87218045112782,4.030075187969925,0.7518796992481203,3.669172932330827,6.81203007518797,0.6992481203007519,0.9774436090225563
롯데,1985,0.256,0.327,0.377,0.704,3.8727272727272726,8.363636363636363,1.5272727272727273,0.17272727272727273,0.7,12.336363636363636,3.6272727272727274,0.7181818181818181,3.2,4.045454545454546,0.7090909090909091,0.9636363636363636
OB,1992,0.259,0.332,0.393,0.725,4.341269841269841,8.698412698412698,1.3650793650793651,0.24603174603174602,0.873015873015873,13.174603174603174,4.055555555555555,0.7619047619047619,3.484126984126984,5.119047619047619,0.7777777777777778,0.7619047619047619
한화,1998,0.25,0.316,0.392,0.708,3.992063492063492,8.26984126984127,1.5952380952380953,0.07936507936507936,0.9761904761904762,12.952380952380953,3.746031746031746,0.746031746031746,2.6904761904761907,6.222222222222222,0.746031746031746,0.7857142857142857
OB,1982,0.283,0.349,0.412,0.762,4.9875,9.725,1.7125,0.2875,0.7125,14.15,4.525,1.325,3.0875,3.175,0.4375,0.575
쌍방울,1994,0.248,0.316,0.359,0.675,3.9206349206349205,8.15079365079365,1.2698412698412698,0.15873015873015872,0.6904761904761905,11.80952380952381,3.611111111111111,1.1984126984126984,3.0,4.936507936507937,0.6825396825396826,0.7936507936507936
히어로즈,2008,0.266,0.331,0.368,0.698,3.9603174603174605,9.119047619047619,1.507936507936508,0.15079365079365079,0.5555555555555556,12.595238095238095,3.738095238095238,0.7698412698412699,3.142857142857143,5.658730158730159,0.9047619047619048,0.40476190476190477
OB,1984,0.257,0.333,0.36,0.693,3.82,8.16,1.33,0.18,0.53,11.44,3.62,1.11,3.39,3.67,0.66,0.62
MBC,1983,0.256,0.323,0.354,0.677,4.05,8.37,1.45,0.21,0.45,11.59,3.67,1.28,2.81,3.68,0.58,0.7
쌍방울,1992,0.249,0.341,0.37,0.711,4.031746031746032,8.055555555555555,1.3253968253968254,0.23015873015873015,0.7142857142857143,11.984126984126984,3.642857142857143,0.7063492063492064,4.190476190476191,5.936507936507937,1.0952380952380953,0.6111111111111112
KIA,2019,0.264,0.336,0.369,0.706,4.201388888888889,8.930555555555555,1.7222222222222223,0.13194444444444445,0.5277777777777778,12.5,3.9305555555555554,0.6041666666666666,3.4444444444444446,6.381944444444445,0.75,0.2152777777777778
한화,2017,0.287,0.351,0.435,0.786,5.111111111111111,10.034722222222221,1.8125,0.1111111111111111,1.0416666666666667,15.194444444444445,4.75,0.4444444444444444,2.888888888888889,6.763888888888889,0.7777777777777778,0.5902777777777778
한화,2016,0.289,0.362,0.431,0.792,5.736111111111111,10.26388888888889,1.6805555555555556,0.1875,0.9861111111111112,15.277777777777779,5.465277777777778,0.4444444444444444,3.5416666666666665,7.118055555555555,0.8541666666666666,0.6041666666666666
LG,1992,0.257,0.331,0.384,0.715,4.5396825396825395,8.682539682539682,1.3650793650793651,0.19047619047619047,0.8571428571428571,13.0,4.277777777777778,0.7063492063492064,3.484126984126984,4.523809523809524,0.8809523809523809,0.5079365079365079
삼성,2019,0.256,0.329,0.389,0.718,4.319444444444445,8.645833333333334,1.5972222222222223,0.18055555555555555,0.8472222222222222,13.145833333333334,4.152777777777778,0.7430555555555556,3.3194444444444446,6.777777777777778,0.7430555555555556,0.4027777777777778
KIA,2007,0.257,0.33,0.364,0.694,3.9603174603174605,8.571428571428571,1.5714285714285714,0.12698412698412698,0.5793650793650794,12.134920634920634,3.6984126984126986,0.5555555555555556,3.3968253968253967,5.0,0.9285714285714286,0.6190476190476191
OB,1983,0.259,0.324,0.362,0.687,4.18,8.63,1.42,0.26,0.5,12.07,3.78,0.6,2.79,3.52,0.63,0.89
KIA,2008,0.26,0.336,0.352,0.689,3.992063492063492,8.69047619047619,1.492063492063492,0.2222222222222222,0.38095238095238093,11.76984126984127,3.6904761904761907,1.0396825396825398,3.5952380952380953,5.095238095238095,0.7698412698412699,0.6746031746031746
롯데,2000,0.26,0.334,0.385,0.719,4.533834586466165,8.917293233082706,1.5488721804511278,0.19548872180451127,0.7819548872180451,13.203007518796992,4.157894736842105,0.6917293233082706,3.3759398496240602,6.2481203007518795,0.6992481203007519,0.6165413533834586
태평양,1990,0.247,0.328,0.341,0.669,4.041666666666667,8.008333333333333,1.4666666666666666,0.20833333333333334,0.39166666666666666,11.066666666666666,3.7,1.1083333333333334,3.691666666666667,4.45,0.775,0.7
넥센,2010,0.262,0.34,0.374,0.714,4.285714285714286,8.759398496240602,1.4962406015037595,0.15037593984962405,0.6541353383458647,12.518796992481203,4.052631578947368,1.0150375939849625,3.6090225563909772,6.571428571428571,0.8947368421052632,0.7142857142857143
삼성,2017,0.279,0.34,0.428,0.768,5.256944444444445,9.854166666666666,1.7708333333333333,0.25,1.0069444444444444,15.145833333333334,4.881944444444445,0.6805555555555556,2.9791666666666665,6.826388888888889,0.6736111111111112,0.4027777777777778
해태,1998,0.258,0.325,0.376,0.701,3.880952380952381,8.468253968253968,1.492063492063492,0.06349206349206349,0.746031746031746,12.325396825396826,3.7063492063492065,0.4603174603174603,2.9126984126984126,5.309523809523809,0.9920634920634921,0.7301587301587301
롯데,2022,0.267,0.328,0.383,0.711,4.201388888888889,9.166666666666666,1.5763888888888888,0.1111111111111111,0.7361111111111112,13.17361111111111,3.9583333333333335,0.4236111111111111,2.8958333333333335,6.881944444444445,0.8819444444444444,0.5069444444444444
한화,2013,0.259,0.343,0.348,0.69,3.75,8.640625,1.65625,0.1015625,0.3671875,11.6015625,3.5,0.546875,3.7421875,7.2890625,1.09375,0.421875
태평양,1992,0.256,0.328,0.38,0.709,4.111111111111111,8.420634920634921,1.619047619047619,0.1984126984126984,0.6904761904761905,12.507936507936508,3.6825396825396823,0.5714285714285714,3.2222222222222223,4.920634920634921,0.746031746031746,0.9285714285714286
한화,1994,0.247,0.324,0.345,0.669,3.8253968253968256,7.9523809523809526,1.3174603174603174,0.11904761904761904,0.5396825396825397,11.126984126984127,3.5238095238095237,0.746031746031746,3.3015873015873014,5.523809523809524,0.7698412698412699,0.8968253968253969
해태,1995,0.242,0.309,0.345,0.654,3.4206349206349205,7.849206349206349,1.2222222222222223,0.1746031746031746,0.5952380952380952,11.206349206349206,3.1507936507936507,1.0317460317460319,2.7063492063492065,5.357142857142857,0.746031746031746,0.6825396825396826
롯데,1983,0.244,0.314,0.366,0.68,3.7,8.07,1.33,0.18,0.78,12.1,3.42,0.76,3.08,4.23,0.71,0.58
LG,2006,0.246,0.306,0.354,0.661,3.626984126984127,8.23015873015873,1.4365079365079365,0.12698412698412698,0.6428571428571429,11.84920634920635,3.4126984126984126,0.6666666666666666,2.619047619047619,6.4523809523809526,0.6825396825396826,0.7301587301587301
롯데,2005,0.253,0.322,0.372,0.694,3.9682539682539684,8.396825396825397,1.6031746031746033,0.18253968253968253,0.6587301587301587,12.341269841269842,3.7301587301587302,0.6984126984126984,2.865079365079365,6.7936507936507935,0.6587301587301587,0.746031746031746
kt,2015,0.273,0.345,0.402,0.748,4.652777777777778,9.333333333333334,1.5347222222222223,0.10416666666666667,0.8958333333333334,13.76388888888889,4.395833333333333,0.8611111111111112,3.5208333333333335,7.722222222222222,0.8194444444444444,0.5208333333333334
한화,2014,0.283,0.359,0.415,0.774,4.8359375,9.7734375,1.7421875,0.1875,0.8125,14.328125,4.640625,0.546875,3.828125,6.5546875,0.9765625,0.390625
해태,1984,0.248,0.317,0.365,0.682,3.69,8.22,1.43,0.1,0.76,12.13,3.43,0.87,3.13,4.96,0.87,0.39
태평양,1995,0.234,0.305,0.345,0.65,3.7063492063492065,7.658730158730159,1.3492063492063493,0.15873015873015872,0.6507936507936508,11.277777777777779,3.484126984126984,0.7380952380952381,3.0873015873015874,6.063492063492063,0.7142857142857143,0.5317460317460317
OB,1994,0.246,0.313,0.348,0.662,3.7857142857142856,8.03968253968254,1.2619047619047619,0.14285714285714285,0.5952380952380952,11.373015873015873,3.642857142857143,0.6428571428571429,2.888888888888889,5.650793650793651,0.6031746031746031,0.7380952380952381
삼성,2020,0.268,0.338,0.394,0.732,4.854166666666667,9.145833333333334,1.4652777777777777,0.08333333333333333,0.8958333333333334,13.465277777777779,4.569444444444445,0.9166666666666666,3.375,6.875,0.8125,0.3472222222222222
LG,2017,0.281,0.348,0.4,0.748,4.854166666666667,9.652777777777779,1.5,0.1388888888888889,0.7638888888888888,13.722222222222221,4.611111111111111,0.5347222222222222,3.0416666666666665,7.090277777777778,0.8541666666666666,0.5277777777777778
한화,2015,0.271,0.36,0.405,0.764,4.979166666666667,9.13888888888889,1.5138888888888888,0.13194444444444445,0.9027777777777778,13.625,4.631944444444445,0.5555555555555556,4.034722222222222,7.868055555555555,0.7777777777777778,0.9652777777777778
해태,1987,0.252,0.321,0.36,0.681,3.638888888888889,8.425925925925926,1.3981481481481481,0.1111111111111111,0.6574074074074074,12.018518518518519,3.4074074074074074,0.8333333333333334,3.1018518518518516,3.509259259259259,0.8888888888888888,0.6296296296296297
현대,1997,0.247,0.327,0.361,0.688,3.9444444444444446,7.888888888888889,1.4206349206349207,0.15079365079365079,0.6507936507936508,11.563492063492063,3.642857142857143,0.8888888888888888,3.365079365079365,5.714285714285714,0.7301587301587301,0.9682539682539683
MBC,1984,0.253,0.322,0.355,0.677,3.75,8.4,1.27,0.35,0.47,11.78,3.41,0.99,3.14,4.46,0.62,0.47
태평양,1988,0.261,0.328,0.368,0.696,3.5833333333333335,8.407407407407407,1.4444444444444444,0.19444444444444445,0.5370370370370371,11.851851851851851,3.3333333333333335,0.7592592592592593,3.138888888888889,3.7222222222222223,0.8148148148148148,0.8796296296296297
롯데,1989,0.247,0.337,0.327,0.664,3.4916666666666667,8.116666666666667,1.2916666666666667,0.19166666666666668,0.31666666666666665,10.741666666666667,3.191666666666667,0.8333333333333334,4.325,4.333333333333333,0.7416666666666667,0.8166666666666667
롯데,2004,0.252,0.327,0.364,0.691,4.007518796992481,8.458646616541353,1.4661654135338347,0.15789473684210525,0.6616541353383458,12.225563909774436,3.7593984962406015,0.9699248120300752,3.1278195488721803,6.413533834586466,0.7443609022556391,0.556390977443609
해태,1982,0.261,0.328,0.408,0.736,4.675,8.7,1.375,0.175,1.05,13.575,4.15,1.9375,2.9375,3.7,0.7375,0.35
LG,2015,0.269,0.339,0.399,0.738,4.534722222222222,9.243055555555555,1.75,0.1527777777777778,0.7916666666666666,13.67361111111111,4.173611111111111,0.7847222222222222,3.2083333333333335,7.472222222222222,0.6805555555555556,0.5208333333333334
KT,2018,0.275,0.34,0.456,0.796,5.256944444444445,9.597222222222221,1.8333333333333333,0.09027777777777778,1.4305555555555556,15.902777777777779,5.006944444444445,0.5555555555555556,3.2222222222222223,7.701388888888889,0.7152777777777778,0.2986111111111111
SK,2000,0.26,0.332,0.383,0.716,4.526315789473684,8.774436090225564,1.4511278195488722,0.17293233082706766,0.7894736842105263,12.93984962406015,4.2556390977443606,0.5037593984962406,3.225563909774436,6.451127819548872,0.8045112781954887,0.5789473684210527
롯데,1990,0.245,0.331,0.335,0.666,3.775,7.883333333333334,1.3583333333333334,0.25,0.3416666666666667,10.766666666666667,3.475,1.0416666666666667,3.8666666666666667,4.175,0.7583333333333333,0.9916666666666667
OB,1987,0.261,0.328,0.34,0.669,3.8425925925925926,8.583333333333334,1.1388888888888888,0.3148148148148148,0.2777777777777778,11.185185185185185,3.6203703703703702,0.6666666666666666,3.1666666666666665,3.4166666666666665,0.8148148148148148,0.6481481481481481
OB,1991,0.25,0.322,0.35,0.672,3.9761904761904763,8.365079365079366,1.3412698412698412,0.30952380952380953,0.46825396825396826,11.73015873015873,3.634920634920635,1.0793650793650793,3.3174603174603177,5.142857142857143,0.6666666666666666,0.7222222222222222
한화,2019,0.256,0.324,0.362,0.686,4.215277777777778,8.67361111111111,1.5486111111111112,0.1111111111111111,0.6111111111111112,12.277777777777779,3.9027777777777777,0.7291666666666666,3.0625,7.569444444444445,0.7777777777777778,0.3055555555555556
빙그레,1986,0.236,0.323,0.325,0.647,3.0833333333333335,7.546296296296297,1.1296296296296295,0.21296296296296297,0.42592592592592593,10.37962962962963,2.8981481481481484,0.7314814814814815,3.888888888888889,4.574074074074074,0.75,0.7777777777777778
OB,1986,0.249,0.319,0.331,0.65,3.4166666666666665,8.148148148148149,1.0555555555555556,0.28703703703703703,0.35185185185185186,10.833333333333334,3.240740740740741,0.7222222222222222,3.111111111111111,3.6481481481481484,0.6574074074074074,0.9629629629629629
롯데,1986,0.248,0.316,0.333,0.649,3.4537037037037037,8.277777777777779,1.2962962962962963,0.25925925925925924,0.3425925925925926,11.12037037037037,3.074074074074074,0.8240740740740741,3.1666666666666665,3.3055555555555554,0.75,0.9259259259259259
MBC,1988,0.26,0.324,0.346,0.67,3.7777777777777777,8.805555555555555,1.2222222222222223,0.25,0.3888888888888889,11.694444444444445,3.4537037037037037,1.0925925925925926,2.9722222222222223,3.5555555555555554,0.6666666666666666,0.6481481481481481
OB,1989,0.247,0.319,0.335,0.653,3.725,8.083333333333334,1.375,0.23333333333333334,0.35,10.975,3.466666666666667,1.125,3.2416666666666667,4.658333333333333,0.5416666666666666,0.6833333333333333
청보,1987,0.242,0.323,0.34,0.664,3.712962962962963,7.851851851851852,1.4074074074074074,0.12962962962962962,0.5,11.018518518518519,3.4444444444444446,1.1759259259259258,3.7037037037037037,4.648148148148148,0.7314814814814815,0.7592592592592593
OB,1988,0.258,0.321,0.349,0.67,3.8703703703703702,8.546296296296296,1.3425925925925926,0.23148148148148148,0.4074074074074074,11.574074074074074,3.5833333333333335,0.8055555555555556,2.9722222222222223,3.462962962962963,0.8425925925925926,0.7222222222222222
삼미,1983,0.245,0.312,0.344,0.656,3.45,8.14,1.13,0.14,0.62,11.41,3.15,0.35,2.82,4.04,0.76,0.73
OB,1996,0.242,0.305,0.355,0.66,3.5396825396825395,8.0,1.4126984126984128,0.18253968253968253,0.6507936507936508,11.73015873015873,3.253968253968254,0.6190476190476191,2.5952380952380953,5.722222222222222,0.7777777777777778,0.5952380952380952
LG,2008,0.256,0.321,0.353,0.674,3.7142857142857144,8.492063492063492,1.3015873015873016,0.18253968253968253,0.5238095238095238,11.73015873015873,3.5476190476190474,0.8809523809523809,2.888888888888889,6.071428571428571,0.7142857142857143,0.6746031746031746
SK,2001,0.26,0.337,0.391,0.728,4.481203007518797,8.593984962406015,1.6165413533834587,0.08270676691729323,0.849624060150376,12.924812030075188,4.172932330827067,0.924812030075188,3.43609022556391,5.7894736842105265,0.7142857142857143,0.9172932330827067
한화,2022,0.245,0.319,0.352,0.671,3.9166666666666665,8.3125,1.5069444444444444,0.13194444444444445,0.6111111111111112,11.916666666666666,3.611111111111111,0.6458333333333334,3.451388888888889,8.777777777777779,0.6388888888888888,0.3194444444444444
LG,2003,0.249,0.32,0.378,0.697,3.827067669172932,8.180451127819548,1.413533834586466,0.21804511278195488,0.7969924812030075,12.421052631578947,3.6466165413533833,1.0150375939849625,3.037593984962406,5.87218045112782,0.6766917293233082,0.556390977443609
NC,2013,0.244,0.32,0.365,0.685,4.0,8.1640625,1.6328125,0.1953125,0.671875,12.203125,3.7890625,1.109375,3.390625,7.4609375,0.734375,0.4296875
삼미,1984,0.237,0.312,0.339,0.651,3.34,7.88,1.34,0.14,0.58,11.24,3.01,0.42,3.32,4.73,0.73,0.75
넥센,2011,0.245,0.323,0.353,0.676,3.8496240601503757,8.007518796992482,1.406015037593985,0.17293233082706766,0.5939849624060151,11.541353383458647,3.5488721804511276,0.7443609022556391,3.4586466165413534,7.458646616541353,0.706766917293233,0.7744360902255639
MBC,1987,0.258,0.32,0.342,0.662,3.5925925925925926,8.50925925925926,1.0833333333333333,0.35185185185185186,0.3333333333333333,11.296296296296296,3.324074074074074,0.8425925925925926,2.740740740740741,3.2685185185185186,0.7407407407407407,0.7870370370370371
해태,2000,0.252,0.333,0.363,0.696,4.421052631578948,8.548872180451127,1.6240601503759398,0.09774436090225563,0.6466165413533834,12.308270676691729,4.037593984962406,0.849624060150376,3.962406015037594,6.511278195488722,0.8045112781954887,0.48120300751879697
태평양,1991,0.238,0.314,0.338,0.652,3.380952380952381,7.746031746031746,1.6507936507936507,0.1984126984126984,0.40476190476190477,11.007936507936508,3.134920634920635,1.1349206349206349,3.357142857142857,4.746031746031746,0.6349206349206349,0.6746031746031746
롯데,1982,0.256,0.344,0.373,0.717,4.4125,8.425,1.4,0.1,0.7375,12.2375,4.0625,1.0375,4.075,3.9375,0.7625,0.5125
한화,2018,0.275,0.341,0.422,0.763,5.0625,9.506944444444445,1.7291666666666667,0.09722222222222222,1.0486111111111112,14.57638888888889,4.638888888888889,0.8194444444444444,2.9166666666666665,7.625,0.7847222222222222,0.2152777777777778
한화,2021,0.237,0.334,0.341,0.675,4.159722222222222,7.715277777777778,1.4791666666666667,0.11805555555555555,0.5555555555555556,11.097222222222221,3.8472222222222223,0.7638888888888888,4.388888888888889,8.930555555555555,0.7638888888888888,0.3680555555555556
LG,1991,0.244,0.317,0.341,0.658,3.746031746031746,8.007936507936508,1.253968253968254,0.3253968253968254,0.42063492063492064,11.174603174603174,3.4126984126984126,0.873015873015873,3.1746031746031744,3.7698412698412698,0.9365079365079365,0.5317460317460317
한화,2010,0.244,0.331,0.359,0.69,4.082706766917293,7.917293233082707,1.2030075187969924,0.09774436090225563,0.7819548872180451,11.661654135338345,3.819548872180451,0.9097744360902256,3.736842105263158,7.090225563909774,0.7969924812030075,0.5639097744360902
롯데,2003,0.256,0.317,0.365,0.682,3.691729323308271,8.593984962406015,1.744360902255639,0.13533834586466165,0.5488721804511278,12.25563909774436,3.3909774436090228,0.631578947368421,2.5413533834586466,6.37593984962406,0.5639097744360902,0.6240601503759399
롯데,2019,0.25,0.316,0.358,0.674,4.013888888888889,8.54861111111111,1.4861111111111112,0.1527777777777778,0.625,12.215277777777779,3.7847222222222223,0.4305555555555556,2.986111111111111,7.534722222222222,0.75,0.24305555555555555
KIA,2021,0.248,0.337,0.336,0.673,3.9444444444444446,8.319444444444445,1.2708333333333333,0.14583333333333334,0.4583333333333333,11.256944444444445,3.7916666666666665,0.5069444444444444,4.131944444444445,6.395833333333333,0.8263888888888888,0.2847222222222222
태평양,1993,0.227,0.293,0.302,0.595,2.7142857142857144,7.246031746031746,1.3412698412698412,0.11904761904761904,0.2777777777777778,9.658730158730158,2.492063492063492,0.6349206349206349,2.7222222222222223,6.158730158730159,0.7936507936507936,0.8253968253968254
SK,2020,0.25,0.329,0.383,0.711,4.402777777777778,8.416666666666666,1.2291666666666667,0.11805555555555555,0.9930555555555556,12.86111111111111,4.131944444444445,0.5625,3.548611111111111,6.8125,0.7777777777777778,0.3402777777777778
쌍방울,1993,0.225,0.302,0.301,0.603,2.9047619047619047,7.166666666666667,1.0952380952380953,0.1111111111111111,0.36507936507936506,9.579365079365079,2.7142857142857144,0.9285714285714286,3.111111111111111,5.817460317460317,0.6984126984126984,0.5873015873015873
kt,2017,0.276,0.332,0.41,0.742,4.548611111111111,9.444444444444445,1.9027777777777777,0.11805555555555555,0.8263888888888888,14.0625,4.340277777777778,0.5972222222222222,2.5972222222222223,7.0625,0.8194444444444444,0.4305555555555556
NC,2018,0.261,0.329,0.404,0.733,4.583333333333333,8.88888888888889,1.6180555555555556,0.125,0.9930555555555556,13.73611111111111,4.368055555555555,0.5694444444444444,2.9652777777777777,7.506944444444445,0.7986111111111112,0.24305555555555555
kt,2016,0.276,0.345,0.394,0.738,4.666666666666667,9.506944444444445,1.4861111111111112,0.0763888888888889,0.8055555555555556,13.5625,4.4375,0.6666666666666666,3.4652777777777777,6.479166666666667,0.9027777777777778,0.4513888888888889
롯데,1997,0.237,0.305,0.345,0.65,3.4444444444444446,7.634920634920635,1.3968253968253967,0.15873015873015872,0.5952380952380952,11.134920634920634,3.261904761904762,0.873015873015873,2.8492063492063493,6.357142857142857,0.7063492063492064,0.6984126984126984
MBC,1985,0.246,0.313,0.322,0.635,3.1363636363636362,8.10909090909091,1.1545454545454545,0.17272727272727273,0.33636363636363636,10.618181818181819,2.881818181818182,1.1727272727272726,2.9454545454545453,4.109090909090909,0.5909090909090909,0.4909090909090909
청보,1986,0.219,0.293,0.322,0.615,2.9444444444444446,6.9907407407407405,1.2777777777777777,0.09259259259259259,0.6111111111111112,10.287037037037036,2.9814814814814814,0.4351851851851852,3.0277777777777777,4.796296296296297,0.7962962962962963,0.7962962962962963
OB,1990,0.231,0.31,0.329,0.639,3.3666666666666667,7.508333333333334,1.275,0.18333333333333332,0.5166666666666667,10.7,3.1666666666666665,0.6916666666666667,3.5416666666666665,4.683333333333334,0.6416666666666667,0.55
롯데,2002,0.245,0.305,0.356,0.661,3.481203007518797,8.308270676691729,1.5488721804511278,0.14285714285714285,0.6390977443609023,12.06015037593985,3.330827067669173,0.5714285714285714,2.43609022556391,7.353383458646617,0.5639097744360902,0.3684210526315789
쌍방울,1999,0.248,0.32,0.358,0.678,3.962121212121212,8.393939393939394,1.3409090909090908,0.21212121212121213,0.6515151515151515,12.113636363636363,3.757575757575758,0.9545454545454546,3.1666666666666665,6.878787878787879,0.5151515151515151,0.5757575757575758
삼미,1982,0.24,0.304,0.345,0.648,3.775,7.9625,1.4625,0.25,0.5,11.425,3.4,0.925,2.7625,4.6125,0.55,0.4125
KIA,2015,0.251,0.326,0.392,0.718,4.5,8.3125,1.5486111111111112,0.1527777777777778,0.9444444444444444,13.0,4.180555555555555,0.7986111111111112,3.1527777777777777,7.819444444444445,0.7291666666666666,0.5486111111111112
한화,2020,0.245,0.32,0.338,0.658,3.826388888888889,8.256944444444445,1.3541666666666667,0.08333333333333333,0.5486111111111112,11.42361111111111,3.6319444444444446,0.3541666666666667,3.2083333333333335,8.07638888888889,0.8263888888888888,0.3125
